{
    "name": "Template Article",
    "sections": {
        "template":{
            "type": "template-article",
            "blocks":{
                "title":{
                    "type": "article_title"
                },
                "author":{
                    "type": "article_author"
                },
                "published_date":{
                    "type": "article_published_date"
                },
                "thumbnail":{
                    "type": "featured_image"
                },
                "content":{
                    "type": "article_content"
                }
            },
            "block_order": ["title", "author", "published_date", "thumbnail", "content"]
        }
    },
    "order": ["template"]
}