{
    "sections": {
        "template":{
            "type": "template-cart",
            "blocks": {
                "subtotal":{
                    "type": "subtotal"
                },
                "update_button":{
                    "type": "update_button"
                },
                "checkout_button":{
                    "type": "checkout_button"
                }
            },
            "block_order": ["subtotal", "update_button", "checkout_button"]
        }
    },
    "order": ["template"]
}