{
    "sections": {
        "template":{
            "type": "template-product",
            "blocks":{
                "vendor":{"type": "vendor"},
                "title":{"type": "title"},
                "price":{"type": "price"},
                "variant_selector":{"type": "variant_selector"},
                "quantity":{"type": "quantity"},
                "descriptionr":{"type": "description"},
                "checkout_button":{"type": "checkout_button"}
            },
            "block_order":[
                "vendor",
                "title",
                "price",
                "variant_selector",
                "quantity",
                "description",
                "checkout_button"
            ]
        }
        
        
    },
    "order": ["template"]
}